<?xml version="1.0" encoding="utf-8" ?>
<!--
  Copyright 2014-2021 Akretion France (http://www.akretion.com/)
  @author Alexis de Lattre <alexis.delattre@akretion.com>
  Copyright 2016-2021 Sodexis
  License AGPL-3.0 or later (http://www.gnu.org/licenses/agpl).
-->
<odoo noupdate="1">

<record id="rent_consu_delivery_01" model="product.product">
    <field name="name">Rental of one Three-Seat Sofa</field>
    <field name="default_code">RENT-FURN_8999</field>
    <field name="categ_id" ref="product.product_category_5" />
    <field name="sale_ok" eval="True" />
    <field name="purchase_ok" eval="False" />
    <field name="list_price">5</field>
    <field name="type">service</field>
    <field name="uom_id" ref="uom.product_uom_day" />
    <field name="uom_po_id" ref="uom.product_uom_day" />
    <field name="must_have_dates" eval="True" />
    <field name="rented_product_id" ref="product.consu_delivery_01" />
    <!-- The 'stock' module sets it as type = 'product'
         This XMLID is misleading -->
</record>

<record id="rent_product_product_20" model="product.product">
    <field name="name">Rental of one Flipover</field>
    <field name="default_code">RENT-FURN_9001</field>
    <field name="categ_id" ref="product.product_category_5" />
    <field name="sale_ok" eval="True" />
    <field name="purchase_ok" eval="False" />
    <field name="list_price">4</field>
    <field name="type">service</field>
    <field name="uom_id" ref="uom.product_uom_day" />
    <field name="uom_po_id" ref="uom.product_uom_day" />
    <field name="must_have_dates" eval="True" />
    <field name="rented_product_id" ref="product.product_product_20" />
</record>

<record id="rent_product_product_25" model="product.product">
    <field name="name">Rental of one Acoustic Bloc Screens</field>
    <field name="default_code">RENT-FURN_6666</field>
    <field name="categ_id" ref="product.product_category_5" />
    <field name="sale_ok" eval="True" />
    <field name="purchase_ok" eval="False" />
    <field name="list_price">6</field>
    <field name="type">service</field>
    <field name="uom_id" ref="uom.product_uom_day" />
    <field name="uom_po_id" ref="uom.product_uom_day" />
    <field name="must_have_dates" eval="True" />
    <field name="rented_product_id" ref="product.product_product_25" />
</record>

<!-- Create inventory on Rental In for these products -->
<record id="rental_inventory" model="stock.inventory">
    <field name="name">Inventory for rented products</field>
</record>

<function model="stock.inventory" name="create_demo_and_validate">
    <function
            eval="[[('id', '=', ref('rental_inventory'))]]"
            model="stock.inventory"
            name="search"
        />
</function>


</odoo>
